date,revenue,customer_acquisition,churn_rate,server_uptime,api_latency
2024-01-01,125000,450,2.1,99.95,120
2024-01-02,128000,465,2.0,99.97,115
2024-01-03,130000,472,1.9,99.96,118
2024-01-04,132000,480,2.2,99.94,122
2024-01-05,135000,495,2.1,99.98,117
2024-01-06,138000,510,2.0,99.96,119
2024-01-07,140000,525,1.8,99.97,116
2024-01-08,142000,535,2.3,99.95,121
2024-01-09,145000,548,2.1,99.96,118
2024-01-10,147000,560,2.0,99.98,115
2024-01-11,150000,575,1.9,99.97,120
2024-01-12,152000,582,2.2,99.96,123
2024-01-13,155000,595,2.0,99.95,119
2024-01-14,157000,605,2.1,99.98,117
2024-01-15,160000,620,1.8,99.97,116
2024-01-16,162000,630,2.3,99.96,124
2024-01-17,165000,645,2.0,99.95,118
2024-01-18,168000,658,2.1,99.97,120
2024-01-19,170000,670,1.9,99.98,115
2024-01-20,172000,680,2.2,99.96,122
2024-01-21,175000,695,2.0,99.95,119
2024-01-22,178000,710,2.1,99.97,121
2024-01-23,180000,720,1.8,99.98,117
2024-01-24,182000,735,2.3,99.96,125
2024-01-25,185000,748,2.0,99.95,118
2024-01-26,187000,760,2.1,99.97,120
2024-01-27,190000,775,1.9,99.98,116
2024-01-28,192000,785,2.2,99.96,123
2024-01-29,195000,800,2.0,99.95,119
2024-01-30,198000,815,2.1,99.97,121
2024-01-31,200000,825,1.8,99.98,117
2024-02-01,202000,840,2.3,99.96,124
2024-02-02,205000,852,2.0,99.95,118
2024-02-03,207000,865,2.1,99.97,120
2024-02-04,210000,880,1.9,99.98,115
2024-02-05,212000,890,2.2,99.96,122
2024-02-06,215000,905,2.0,99.95,119
2024-02-07,218000,920,2.1,99.97,121
2024-02-08,220000,932,1.8,99.98,117
2024-02-09,222000,945,2.3,99.96,125
2024-02-10,95000,320,5.8,97.50,280
2024-02-11,98000,315,5.5,97.80,275
2024-02-12,225000,958,2.0,99.95,118
2024-02-13,228000,970,2.1,99.97,120
2024-02-14,230000,985,1.9,99.98,116
2024-02-15,232000,995,2.2,99.96,123
2024-02-16,235000,1010,2.0,99.95,119
2024-02-17,238000,1025,2.1,99.97,121
2024-02-18,240000,1035,1.8,99.98,117
2024-02-19,242000,1050,2.3,99.96,124
2024-02-20,245000,1062,2.0,99.95,118
2024-02-21,247000,1075,2.1,99.97,120
2024-02-22,250000,1090,1.9,99.98,115
2024-02-23,252000,1100,2.2,99.96,122
2024-02-24,255000,1115,2.0,99.95,119
2024-02-25,258000,1130,2.1,99.97,121
2024-02-26,260000,1142,1.8,99.98,117
2024-02-27,262000,1155,2.3,99.96,125
2024-02-28,265000,1168,2.0,99.95,118
2024-02-29,268000,1180,2.1,99.97,120
2024-03-01,270000,1195,1.9,99.98,116
2024-03-02,272000,1205,2.2,99.96,123
2024-03-03,275000,1220,2.0,99.95,119
2024-03-04,278000,1235,2.1,99.97,121
2024-03-05,280000,1245,1.8,99.98,117
2024-03-06,282000,1260,2.3,99.96,124
2024-03-07,285000,1272,2.0,99.95,118
2024-03-08,287000,1285,2.1,99.97,120
2024-03-09,290000,1300,1.9,99.98,115
2024-03-10,292000,1310,2.2,99.96,122
2024-03-11,295000,1325,2.0,99.95,119
2024-03-12,298000,1340,2.1,99.97,121
2024-03-13,300000,1350,1.8,99.98,117
2024-03-14,302000,1365,2.3,99.96,125
2024-03-15,305000,1378,2.0,99.95,118
2024-03-16,307000,1390,2.1,99.97,120
2024-03-17,310000,1405,1.9,99.98,116
2024-03-18,312000,1415,2.2,99.96,123
2024-03-19,315000,1430,2.0,99.95,119
2024-03-20,318000,1445,2.1,99.97,121
2024-03-21,320000,1455,1.8,99.98,117
2024-03-22,155000,680,6.2,96.20,310
2024-03-23,322000,1468,2.0,99.95,118
2024-03-24,325000,1480,2.1,99.97,120
2024-03-25,328000,1495,1.9,99.98,115
2024-03-26,330000,1505,2.2,99.96,122
2024-03-27,332000,1520,2.0,99.95,119
2024-03-28,335000,1535,2.1,99.97,121
2024-03-29,338000,1545,1.8,99.98,117
2024-03-30,340000,1560,2.3,99.96,124
2024-03-31,342000,1572,2.0,99.95,118
